"credit_ID","employment_duration","personal_status_sex","present_residence","age","housing","job","people_liable","telephone"
3003,">= 7 yrs","female : non-single or male : single","1 <= ... < 4 yrs",23,"rent","manager/self-empl./highly qualif. employee","0 to 2","no"
3004,"1 <= ... < 4 yrs","female : single","1 <= ... < 4 yrs",24,"rent","skilled employee/official","0 to 2","no"
3006,"4 <= ... < 7 yrs","male : married/widowed",">= 7 yrs",30,"for free","skilled employee/official","3 or more","yes (under customer name)"
3008,"4 <= ... < 7 yrs","female : single","4 <= ... < 7 yrs",28,"rent","unskilled - resident","0 to 2","no"
3010,">= 7 yrs","male : married/widowed","1 <= ... < 4 yrs",35,"rent","skilled employee/official","0 to 2","yes (under customer name)"
3011,">= 7 yrs","female : non-single or male : single",">= 7 yrs",20,"rent","skilled employee/official","0 to 2","yes (under customer name)"
3013,"< 1 yr","male : married/widowed","< 1 yr",22,"own","skilled employee/official","0 to 2","no"
3014,"1 <= ... < 4 yrs","male : married/widowed","1 <= ... < 4 yrs",27,"rent","skilled employee/official","0 to 2","no"
3015,"< 1 yr","female : non-single or male : single","1 <= ... < 4 yrs",23,"rent","skilled employee/official","0 to 2","no"
3016,"1 <= ... < 4 yrs","female : non-single or male : single","< 1 yr",27,"rent","skilled employee/official","0 to 2","no"
3017,"1 <= ... < 4 yrs","male : married/widowed","1 <= ... < 4 yrs",28,"rent","skilled employee/official","0 to 2","no"
3018,"1 <= ... < 4 yrs","female : non-single or male : single",">= 7 yrs",24,"rent","unskilled - resident","0 to 2","no"
3019,"1 <= ... < 4 yrs","male : married/widowed",">= 7 yrs",29,"for free","manager/self-empl./highly qualif. employee","0 to 2","yes (under customer name)"
3020,">= 7 yrs","male : married/widowed",">= 7 yrs",52,"rent","skilled employee/official","0 to 2","no"
3022,"1 <= ... < 4 yrs","male : married/widowed",">= 7 yrs",52,"rent","skilled employee/official","0 to 2","yes (under customer name)"
3023,"< 1 yr","female : single","< 1 yr",23,"for free","skilled employee/official","0 to 2","no"
3028,"4 <= ... < 7 yrs","male : married/widowed","4 <= ... < 7 yrs",27,"rent","skilled employee/official","0 to 2","no"
3030,">= 7 yrs","male : married/widowed",">= 7 yrs",50,"rent","skilled employee/official","0 to 2","yes (under customer name)"
3031,"1 <= ... < 4 yrs","female : non-single or male : single","4 <= ... < 7 yrs",35,"rent","unskilled - resident","3 or more","no"
3032,"1 <= ... < 4 yrs","male : married/widowed","1 <= ... < 4 yrs",30,"rent","skilled employee/official","0 to 2","no"
3033,"1 <= ... < 4 yrs","male : married/widowed","1 <= ... < 4 yrs",34,"rent","unskilled - resident","3 or more","no"
3034,"< 1 yr","female : non-single or male : single","< 1 yr",32,"rent","unskilled - resident","0 to 2","no"
3035,"< 1 yr","female : non-single or male : single",">= 7 yrs",22,"for free","unskilled - resident","0 to 2",NA
3037,"< 1 yr","male : married/widowed","4 <= ... < 7 yrs",49,"rent","unskilled - resident","3 or more",NA
3038,"4 <= ... < 7 yrs","male : married/widowed","1 <= ... < 4 yrs",27,"rent","manager/self-empl./highly qualif. employee","0 to 2","yes (under customer name)"
3043,">= 7 yrs","female : non-single or male : single",">= 7 yrs",45,"rent","unskilled - resident","0 to 2","yes (under customer name)"
3046,"4 <= ... < 7 yrs","female : non-single or male : single",">= 7 yrs",23,"for free","skilled employee/official","0 to 2","no"
3047,"< 1 yr","female : non-single or male : single",">= 7 yrs",35,"rent","skilled employee/official","0 to 2","yes (under customer name)"
3048,"1 <= ... < 4 yrs","male : married/widowed","1 <= ... < 4 yrs",32,"rent","skilled employee/official","0 to 2","yes (under customer name)"
3049,">= 7 yrs","male : married/widowed",">= 7 yrs",28,"for free","skilled employee/official","0 to 2","yes (under customer name)"
3050,"< 1 yr","female : non-single or male : single",">= 7 yrs",23,"for free","unskilled - resident","0 to 2","yes (under customer name)"
3053,"unemployed","female : non-single or male : single",">= 7 yrs",22,"for free","skilled employee/official","0 to 2","no"
3055,"1 <= ... < 4 yrs","male : married/widowed",">= 7 yrs",35,"own","unskilled - resident","3 or more","yes (under customer name)"
3056,"1 <= ... < 4 yrs","male : married/widowed","1 <= ... < 4 yrs",32,"rent","skilled employee/official","0 to 2","no"
3057,"< 1 yr","female : non-single or male : single","1 <= ... < 4 yrs",19,"for free","skilled employee/official","0 to 2","no"
3060,">= 7 yrs","male : married/widowed",">= 7 yrs",34,"rent","skilled employee/official","0 to 2","no"
3061,"1 <= ... < 4 yrs","male : married/widowed","1 <= ... < 4 yrs",35,"for free","manager/self-empl./highly qualif. employee","0 to 2","yes (under customer name)"
3062,">= 7 yrs","male : married/widowed",">= 7 yrs",40,"rent","skilled employee/official","0 to 2","no"
3064,"1 <= ... < 4 yrs","male : married/widowed","1 <= ... < 4 yrs",36,"rent","skilled employee/official","3 or more","yes (under customer name)"
3065,"< 1 yr","female : non-single or male : single","< 1 yr",30,"rent","skilled employee/official","0 to 2","no"
3067,"1 <= ... < 4 yrs","male : divorced/separated",">= 7 yrs",48,"own","skilled employee/official","0 to 2","yes (under customer name)"
3068,">= 7 yrs","male : divorced/separated","< 1 yr",46,"for free","skilled employee/official","0 to 2","no"
3070,"1 <= ... < 4 yrs","female : non-single or male : single","1 <= ... < 4 yrs",23,"for free","skilled employee/official","0 to 2","yes (under customer name)"
3071,"unemployed","male : married/widowed",">= 7 yrs",40,"own","unemployed/unskilled - non-resident","0 to 2","yes (under customer name)"
3072,"1 <= ... < 4 yrs","male : married/widowed","1 <= ... < 4 yrs",24,"rent","skilled employee/official","0 to 2","no"
3074,"1 <= ... < 4 yrs","male : married/widowed","1 <= ... < 4 yrs",36,"rent","skilled employee/official","3 or more","no"
3075,"1 <= ... < 4 yrs","female : non-single or male : single","1 <= ... < 4 yrs",26,"rent","skilled employee/official","0 to 2","no"
3077,">= 7 yrs","male : married/widowed","4 <= ... < 7 yrs",50,"rent","skilled employee/official","0 to 2","yes (under customer name)"
3081,"4 <= ... < 7 yrs","female : non-single or male : single","4 <= ... < 7 yrs",34,"rent","skilled employee/official","3 or more","yes (under customer name)"
3082,">= 7 yrs","male : married/widowed",">= 7 yrs",63,"rent","skilled employee/official","0 to 2","yes (under customer name)"
3083,">= 7 yrs","male : married/widowed",">= 7 yrs",33,"rent","skilled employee/official","0 to 2","yes (under customer name)"
3085,"< 1 yr","male : married/widowed","4 <= ... < 7 yrs",45,"rent","manager/self-empl./highly qualif. employee","3 or more","yes (under customer name)"
3086,"4 <= ... < 7 yrs","male : married/widowed","< 1 yr",35,"own","skilled employee/official","0 to 2","yes (under customer name)"
3088,">= 7 yrs","male : married/widowed",">= 7 yrs",40,"rent","manager/self-empl./highly qualif. employee","0 to 2","yes (under customer name)"
3089,"< 1 yr","female : non-single or male : single","< 1 yr",32,"rent","skilled employee/official","3 or more","yes (under customer name)"
3091,">= 7 yrs","female : non-single or male : single",">= 7 yrs",26,"for free","skilled employee/official","0 to 2","no"
3092,">= 7 yrs","female : non-single or male : single",">= 7 yrs",57,"own","unskilled - resident","0 to 2","no"
3094,"1 <= ... < 4 yrs","female : single","1 <= ... < 4 yrs",33,"rent","skilled employee/official","0 to 2","no"
3095,"< 1 yr","female : single","1 <= ... < 4 yrs",22,"for free","skilled employee/official","0 to 2","yes (under customer name)"
3096,"4 <= ... < 7 yrs","male : married/widowed","1 <= ... < 4 yrs",24,"rent","skilled employee/official","0 to 2","no"
3097,"< 1 yr","male : married/widowed",">= 7 yrs",38,"rent","skilled employee/official","3 or more","no"
3098,"< 1 yr","female : non-single or male : single",">= 7 yrs",27,"for free","skilled employee/official","0 to 2",NA
3100,"1 <= ... < 4 yrs","male : married/widowed","1 <= ... < 4 yrs",32,"own","manager/self-empl./highly qualif. employee","0 to 2","yes (under customer name)"
3101,">= 7 yrs","male : married/widowed",">= 7 yrs",53,"own","manager/self-empl./highly qualif. employee","0 to 2","yes (under customer name)"
3102,"1 <= ... < 4 yrs","female : single","4 <= ... < 7 yrs",27,"rent","unskilled - resident","0 to 2","no"
3104,">= 7 yrs","male : married/widowed",">= 7 yrs",39,"rent","skilled employee/official","0 to 2","no"
3105,"< 1 yr","male : married/widowed","< 1 yr",33,"for free","unskilled - resident","0 to 2","no"
3106,">= 7 yrs","male : divorced/separated",">= 7 yrs",31,"rent","skilled employee/official","0 to 2","yes (under customer name)"
3107,"< 1 yr","female : single",">= 7 yrs",28,"for free","manager/self-empl./highly qualif. employee","0 to 2","yes (under customer name)"
3108,"< 1 yr","female : non-single or male : single",">= 7 yrs",19,"for free","unskilled - resident","0 to 2","no"
3111,">= 7 yrs","female : non-single or male : single","1 <= ... < 4 yrs",41,"for free","manager/self-empl./highly qualif. employee","0 to 2","yes (under customer name)"
3114,">= 7 yrs","male : married/widowed",">= 7 yrs",46,"own","skilled employee/official","0 to 2","yes (under customer name)"
3115,"1 <= ... < 4 yrs","male : married/widowed","1 <= ... < 4 yrs",32,"own","manager/self-empl./highly qualif. employee","0 to 2","yes (under customer name)"
3116,"< 1 yr","male : married/widowed",">= 7 yrs",41,"rent","unskilled - resident","3 or more","yes (under customer name)"
3117,"1 <= ... < 4 yrs","male : married/widowed",">= 7 yrs",24,"rent","skilled employee/official","0 to 2","no"
3120,"1 <= ... < 4 yrs","female : non-single or male : single",">= 7 yrs",25,"for free","skilled employee/official","0 to 2","no"
3121,"< 1 yr","female : single","4 <= ... < 7 yrs",33,"rent","skilled employee/official","0 to 2","yes (under customer name)"
3122,"1 <= ... < 4 yrs","female : non-single or male : single","< 1 yr",29,"rent","skilled employee/official","0 to 2","no"
3123,"1 <= ... < 4 yrs","male : married/widowed","1 <= ... < 4 yrs",30,"rent","manager/self-empl./highly qualif. employee","0 to 2","yes (under customer name)"
3124,"4 <= ... < 7 yrs","male : married/widowed","1 <= ... < 4 yrs",31,"rent","skilled employee/official","0 to 2","yes (under customer name)"
3125,"< 1 yr","male : divorced/separated",">= 7 yrs",27,"rent","skilled employee/official","0 to 2","no"
3127,">= 7 yrs","female : non-single or male : single",">= 7 yrs",36,"rent","unskilled - resident","0 to 2","no"
3129,"4 <= ... < 7 yrs","female : non-single or male : single",">= 7 yrs",23,"for free","unskilled - resident","0 to 2","no"
3130,"4 <= ... < 7 yrs","male : married/widowed","< 1 yr",37,"rent","manager/self-empl./highly qualif. employee","0 to 2","yes (under customer name)"
3133,"1 <= ... < 4 yrs","female : single","1 <= ... < 4 yrs",21,"rent","unskilled - resident","0 to 2","no"
3134,"4 <= ... < 7 yrs","male : married/widowed","< 1 yr",42,"rent","unskilled - resident","3 or more","no"
3136,"1 <= ... < 4 yrs","male : married/widowed",">= 7 yrs",47,"own","skilled employee/official","3 or more","yes (under customer name)"
3137,"4 <= ... < 7 yrs","female : non-single or male : single","4 <= ... < 7 yrs",30,"rent","manager/self-empl./highly qualif. employee","0 to 2","yes (under customer name)"
3138,">= 7 yrs","male : married/widowed","< 1 yr",33,"rent","manager/self-empl./highly qualif. employee","0 to 2","yes (under customer name)"
3140,"1 <= ... < 4 yrs","male : married/widowed","< 1 yr",74,"rent","unemployed/unskilled - non-resident","3 or more","no"
3142,"< 1 yr","male : married/widowed","1 <= ... < 4 yrs",34,"rent","manager/self-empl./highly qualif. employee","0 to 2","yes (under customer name)"
3143,"1 <= ... < 4 yrs","female : non-single or male : single","1 <= ... < 4 yrs",43,"rent","unskilled - resident","0 to 2","no"
3144,"4 <= ... < 7 yrs","male : married/widowed","1 <= ... < 4 yrs",25,"rent","skilled employee/official","0 to 2","no"
3147,"4 <= ... < 7 yrs","female : single","< 1 yr",20,"rent","skilled employee/official","0 to 2","no"
3148,">= 7 yrs","male : divorced/separated",">= 7 yrs",49,"rent","skilled employee/official","0 to 2","no"
3149,"4 <= ... < 7 yrs","male : married/widowed","4 <= ... < 7 yrs",29,"rent","skilled employee/official","0 to 2","no"
3150,"< 1 yr","female : non-single or male : single",">= 7 yrs",22,"for free","skilled employee/official","0 to 2","no"
3152,"1 <= ... < 4 yrs","male : married/widowed","1 <= ... < 4 yrs",40,"rent","unskilled - resident","3 or more","no"
3154,"unemployed","female : single","1 <= ... < 4 yrs",28,"rent","manager/self-empl./highly qualif. employee","0 to 2","no"
3155,"< 1 yr","male : divorced/separated","< 1 yr",34,"rent","unskilled - resident","0 to 2","yes (under customer name)"
3158,"4 <= ... < 7 yrs","male : married/widowed",">= 7 yrs",24,"for free","skilled employee/official","0 to 2","no"
3159,"1 <= ... < 4 yrs","male : married/widowed","< 1 yr",27,"rent","unskilled - resident","0 to 2","no"
3161,">= 7 yrs","male : married/widowed",">= 7 yrs",61,"rent","unskilled - resident","0 to 2","no"
3163,"unemployed","male : married/widowed",">= 7 yrs",47,"rent","manager/self-empl./highly qualif. employee","0 to 2","yes (under customer name)"
3164,"4 <= ... < 7 yrs","male : married/widowed","1 <= ... < 4 yrs",33,"rent","skilled employee/official","0 to 2","no"
3165,">= 7 yrs","male : married/widowed",">= 7 yrs",29,"for free","skilled employee/official","0 to 2","no"
3167,"4 <= ... < 7 yrs","male : married/widowed","1 <= ... < 4 yrs",55,"rent","skilled employee/official","0 to 2","no"
3168,"1 <= ... < 4 yrs","male : married/widowed","4 <= ... < 7 yrs",26,"rent","skilled employee/official","0 to 2","no"
3169,">= 7 yrs","male : married/widowed",">= 7 yrs",63,"own","manager/self-empl./highly qualif. employee","0 to 2","yes (under customer name)"
3170,">= 7 yrs","male : married/widowed",">= 7 yrs",42,"own","skilled employee/official","3 or more","no"
3174,">= 7 yrs","female : single",">= 7 yrs",31,"rent","skilled employee/official","0 to 2","yes (under customer name)"
3175,">= 7 yrs","male : married/widowed","1 <= ... < 4 yrs",37,"rent","skilled employee/official","0 to 2","no"
3176,">= 7 yrs","male : married/widowed",">= 7 yrs",63,"rent","skilled employee/official","0 to 2","no"
3177,"4 <= ... < 7 yrs","male : married/widowed",">= 7 yrs",30,"rent","manager/self-empl./highly qualif. employee","0 to 2","yes (under customer name)"
3178,"1 <= ... < 4 yrs","male : married/widowed","1 <= ... < 4 yrs",25,"for free","unskilled - resident","0 to 2","no"
3180,"< 1 yr","male : married/widowed","< 1 yr",24,"rent","unskilled - resident","0 to 2","no"
3181,"1 <= ... < 4 yrs","female : non-single or male : single",">= 7 yrs",28,"for free","skilled employee/official","0 to 2","no"
3182,"< 1 yr","male : married/widowed","4 <= ... < 7 yrs",30,"rent","skilled employee/official","0 to 2","no"
3183,"4 <= ... < 7 yrs","male : married/widowed","4 <= ... < 7 yrs",32,"for free","skilled employee/official","0 to 2","yes (under customer name)"
3185,"4 <= ... < 7 yrs","female : non-single or male : single",">= 7 yrs",25,"for free","skilled employee/official","0 to 2","no"
3190,"1 <= ... < 4 yrs","male : married/widowed","4 <= ... < 7 yrs",38,"rent","unskilled - resident","3 or more","no"
3191,"< 1 yr","female : non-single or male : single","4 <= ... < 7 yrs",25,"for free","skilled employee/official","0 to 2","no"
3194,"1 <= ... < 4 yrs","female : non-single or male : single","< 1 yr",28,"rent","manager/self-empl./highly qualif. employee","0 to 2","yes (under customer name)"
3196,"< 1 yr","female : non-single or male : single",">= 7 yrs",22,"for free","skilled employee/official","0 to 2","no"
3197,"1 <= ... < 4 yrs","female : non-single or male : single","1 <= ... < 4 yrs",28,"rent","skilled employee/official","0 to 2","no"
3198,">= 7 yrs","male : married/widowed",">= 7 yrs",41,"rent","manager/self-empl./highly qualif. employee","3 or more","yes (under customer name)"
3201,"< 1 yr","female : non-single or male : single",">= 7 yrs",28,"for free","manager/self-empl./highly qualif. employee","0 to 2","yes (under customer name)"
3202,"4 <= ... < 7 yrs","male : married/widowed",">= 7 yrs",28,"rent","skilled employee/official","0 to 2","no"
3203,"unemployed","female : non-single or male : single","1 <= ... < 4 yrs",26,"rent","manager/self-empl./highly qualif. employee","0 to 2","yes (under customer name)"
3205,"4 <= ... < 7 yrs","male : married/widowed","4 <= ... < 7 yrs",31,"rent","unskilled - resident","3 or more","yes (under customer name)"
3206,"1 <= ... < 4 yrs","male : married/widowed","1 <= ... < 4 yrs",37,"rent","skilled employee/official","3 or more","no"
3208,">= 7 yrs","female : single","4 <= ... < 7 yrs",46,"rent","skilled employee/official","0 to 2","no"
3212,"1 <= ... < 4 yrs","male : divorced/separated","1 <= ... < 4 yrs",38,"rent","skilled employee/official","0 to 2","no"
3213,"< 1 yr","male : married/widowed","< 1 yr",33,"rent","skilled employee/official","0 to 2","no"
3214,"1 <= ... < 4 yrs","female : non-single or male : single",">= 7 yrs",64,"rent","skilled employee/official","0 to 2","yes (under customer name)"
3217,"1 <= ... < 4 yrs","male : married/widowed","1 <= ... < 4 yrs",34,"rent","unskilled - resident","0 to 2","no"
3218,">= 7 yrs","male : married/widowed","1 <= ... < 4 yrs",31,"rent","skilled employee/official","3 or more","yes (under customer name)"
3219,"1 <= ... < 4 yrs","female : non-single or male : single","< 1 yr",28,"rent","skilled employee/official","0 to 2","yes (under customer name)"
3223,"4 <= ... < 7 yrs","male : married/widowed","1 <= ... < 4 yrs",31,"rent","manager/self-empl./highly qualif. employee","3 or more","yes (under customer name)"
3225,">= 7 yrs","male : married/widowed","1 <= ... < 4 yrs",41,"rent","skilled employee/official","0 to 2","no"
3229,"< 1 yr","male : married/widowed","1 <= ... < 4 yrs",29,"rent","unskilled - resident","3 or more","no"
3230,"1 <= ... < 4 yrs","female : non-single or male : single","1 <= ... < 4 yrs",33,"rent","skilled employee/official","0 to 2","no"
3231,"< 1 yr","female : non-single or male : single","< 1 yr",26,"for free","unemployed/unskilled - non-resident","0 to 2","no"
3233,">= 7 yrs","male : divorced/separated",">= 7 yrs",49,"rent","unskilled - resident","0 to 2","yes (under customer name)"
3235,">= 7 yrs","female : non-single or male : single",">= 7 yrs",37,"rent","skilled employee/official","0 to 2","yes (under customer name)"
3236,"4 <= ... < 7 yrs","male : married/widowed","1 <= ... < 4 yrs",27,"rent","skilled employee/official","0 to 2","yes (under customer name)"
3238,"1 <= ... < 4 yrs","female : non-single or male : single",">= 7 yrs",20,"for free","skilled employee/official","0 to 2","no"
3241,"1 <= ... < 4 yrs","female : non-single or male : single",">= 7 yrs",20,"for free","skilled employee/official","0 to 2","no"
3242,"4 <= ... < 7 yrs","female : non-single or male : single",">= 7 yrs",25,"for free","skilled employee/official","0 to 2","yes (under customer name)"
3243,"1 <= ... < 4 yrs","female : non-single or male : single",">= 7 yrs",52,"rent","unskilled - resident","0 to 2","no"
3245,">= 7 yrs","male : married/widowed",">= 7 yrs",36,"own","manager/self-empl./highly qualif. employee","0 to 2","yes (under customer name)"
3246,"< 1 yr","male : divorced/separated","4 <= ... < 7 yrs",32,"rent","skilled employee/official","0 to 2","no"
3247,"1 <= ... < 4 yrs","male : married/widowed","1 <= ... < 4 yrs",74,"rent","manager/self-empl./highly qualif. employee","0 to 2","yes (under customer name)"
3250,"< 1 yr","female : non-single or male : single","< 1 yr",20,"rent","skilled employee/official","0 to 2","no"
3251,"4 <= ... < 7 yrs","female : non-single or male : single","1 <= ... < 4 yrs",44,"rent","unskilled - resident","0 to 2","no"
3253,"< 1 yr","male : married/widowed",">= 7 yrs",58,"for free","skilled employee/official","0 to 2","yes (under customer name)"
3256,"4 <= ... < 7 yrs","male : married/widowed","< 1 yr",41,"rent","skilled employee/official","3 or more","yes (under customer name)"
3257,"< 1 yr","male : divorced/separated","< 1 yr",33,"rent","skilled employee/official","0 to 2","no"
3258,"< 1 yr","female : non-single or male : single","< 1 yr",30,"rent","skilled employee/official","0 to 2","no"
3259,">= 7 yrs","female : single","< 1 yr",35,"rent","skilled employee/official","0 to 2","no"
3260,"1 <= ... < 4 yrs","male : married/widowed",">= 7 yrs",37,"own","skilled employee/official","0 to 2","yes (under customer name)"
3261,">= 7 yrs","male : married/widowed","1 <= ... < 4 yrs",31,"rent","skilled employee/official","0 to 2","no"
3262,"1 <= ... < 4 yrs","male : married/widowed","4 <= ... < 7 yrs",31,"own","skilled employee/official","0 to 2","yes (under customer name)"
3263,"< 1 yr","male : married/widowed","1 <= ... < 4 yrs",23,"rent","unskilled - resident","0 to 2","no"
3265,"1 <= ... < 4 yrs","male : married/widowed","1 <= ... < 4 yrs",37,"rent","unskilled - resident","0 to 2","no"
3268,"unemployed","female : non-single or male : single",">= 7 yrs",54,"rent","unemployed/unskilled - non-resident","0 to 2","yes (under customer name)"
3269,">= 7 yrs","male : married/widowed",">= 7 yrs",60,"rent","unskilled - resident","0 to 2","no"
3270,"< 1 yr","male : married/widowed",">= 7 yrs",40,"rent","unskilled - resident","3 or more",NA
3271,">= 7 yrs","male : married/widowed","1 <= ... < 4 yrs",45,"rent","unskilled - resident","0 to 2",NA
3272,"unemployed","female : single","1 <= ... < 4 yrs",28,"rent","manager/self-empl./highly qualif. employee","0 to 2","no"
3273,"1 <= ... < 4 yrs","female : single","1 <= ... < 4 yrs",27,"rent","skilled employee/official","0 to 2","no"
3275,"1 <= ... < 4 yrs","male : married/widowed","4 <= ... < 7 yrs",29,"rent","skilled employee/official","0 to 2","yes (under customer name)"
3276,">= 7 yrs","male : married/widowed","1 <= ... < 4 yrs",41,"rent","skilled employee/official","3 or more","no"
3277,"4 <= ... < 7 yrs","female : non-single or male : single",">= 7 yrs",31,"rent","skilled employee/official","0 to 2","no"
3278,"1 <= ... < 4 yrs","female : non-single or male : single","1 <= ... < 4 yrs",32,"rent","unskilled - resident","0 to 2","no"
3279,"1 <= ... < 4 yrs","male : married/widowed","1 <= ... < 4 yrs",27,"rent","manager/self-empl./highly qualif. employee","0 to 2","no"
3281,"1 <= ... < 4 yrs","female : non-single or male : single",">= 7 yrs",40,"rent","skilled employee/official","0 to 2","no"
3282,"< 1 yr","female : single","4 <= ... < 7 yrs",30,"for free","manager/self-empl./highly qualif. employee","0 to 2","yes (under customer name)"
3284,"< 1 yr","female : non-single or male : single",">= 7 yrs",20,"for free","skilled employee/official","0 to 2","no"
3285,"< 1 yr","female : single","4 <= ... < 7 yrs",47,"own","skilled employee/official","0 to 2","yes (under customer name)"
3286,"4 <= ... < 7 yrs","male : married/widowed",">= 7 yrs",45,"own","skilled employee/official","3 or more","no"
3287,"4 <= ... < 7 yrs","female : non-single or male : single","< 1 yr",41,"rent","unskilled - resident","0 to 2","no"
3292,"< 1 yr","female : non-single or male : single","< 1 yr",26,"rent","unemployed/unskilled - non-resident","0 to 2","no"
3293,"4 <= ... < 7 yrs","male : married/widowed",">= 7 yrs",36,"rent","skilled employee/official","0 to 2","yes (under customer name)"
3297,">= 7 yrs","male : married/widowed",">= 7 yrs",20,"for free","skilled employee/official","0 to 2","no"
3299,"4 <= ... < 7 yrs","male : married/widowed",">= 7 yrs",39,"rent","unskilled - resident","0 to 2","no"
3301,">= 7 yrs","male : divorced/separated",">= 7 yrs",51,"own","skilled employee/official","0 to 2","no"
3302,">= 7 yrs","male : married/widowed",">= 7 yrs",42,"rent","skilled employee/official","0 to 2","no"
3304,"< 1 yr","male : married/widowed","1 <= ... < 4 yrs",32,"rent","unskilled - resident","3 or more","yes (under customer name)"
3305,">= 7 yrs","male : married/widowed","1 <= ... < 4 yrs",45,"rent","manager/self-empl./highly qualif. employee","0 to 2","yes (under customer name)"
3306,"1 <= ... < 4 yrs","female : non-single or male : single",">= 7 yrs",48,"rent","unskilled - resident","0 to 2","yes (under customer name)"
3308,"< 1 yr","female : single","< 1 yr",22,"rent","skilled employee/official","0 to 2","no"
3309,">= 7 yrs","male : married/widowed","1 <= ... < 4 yrs",50,"rent","skilled employee/official","0 to 2","no"
3310,"4 <= ... < 7 yrs","female : single","< 1 yr",32,"rent","manager/self-empl./highly qualif. employee","0 to 2","yes (under customer name)"
3311,"4 <= ... < 7 yrs","male : married/widowed","< 1 yr",31,"rent","skilled employee/official","0 to 2","yes (under customer name)"
3313,"1 <= ... < 4 yrs","female : non-single or male : single","< 1 yr",25,"rent","skilled employee/official","0 to 2","no"
3314,"4 <= ... < 7 yrs","female : single",">= 7 yrs",21,"for free","skilled employee/official","0 to 2","no"
3316,"4 <= ... < 7 yrs","male : married/widowed","4 <= ... < 7 yrs",28,"for free","unskilled - resident","0 to 2","no"
3317,"1 <= ... < 4 yrs","female : non-single or male : single",">= 7 yrs",20,"for free","unskilled - resident","0 to 2","yes (under customer name)"
3318,">= 7 yrs","male : married/widowed",">= 7 yrs",47,"rent","unskilled - resident","3 or more","no"
3319,"1 <= ... < 4 yrs","female : non-single or male : single","4 <= ... < 7 yrs",21,"for free","skilled employee/official","0 to 2","no"
3320,"1 <= ... < 4 yrs","female : non-single or male : single","1 <= ... < 4 yrs",21,"rent","skilled employee/official","0 to 2","no"
3321,"1 <= ... < 4 yrs","male : married/widowed",">= 7 yrs",42,"own","skilled employee/official","0 to 2","no"
3322,"1 <= ... < 4 yrs","male : married/widowed","1 <= ... < 4 yrs",28,"rent","unskilled - resident","0 to 2","no"
3323,"1 <= ... < 4 yrs","male : married/widowed",">= 7 yrs",68,"for free","skilled employee/official","0 to 2","no"
3325,"4 <= ... < 7 yrs","male : married/widowed",">= 7 yrs",24,"for free","unskilled - resident","0 to 2","no"
3326,">= 7 yrs","female : non-single or male : single",">= 7 yrs",39,"rent","skilled employee/official","0 to 2","yes (under customer name)"
3327,"1 <= ... < 4 yrs","male : divorced/separated","< 1 yr",26,"rent","skilled employee/official","0 to 2","yes (under customer name)"
3328,"1 <= ... < 4 yrs","female : single","< 1 yr",22,"rent","skilled employee/official","0 to 2","no"
3329,"1 <= ... < 4 yrs","male : married/widowed","1 <= ... < 4 yrs",34,"rent","manager/self-empl./highly qualif. employee","0 to 2","yes (under customer name)"
3331,"4 <= ... < 7 yrs","male : married/widowed","1 <= ... < 4 yrs",31,"rent","skilled employee/official","0 to 2","no"
3332,"4 <= ... < 7 yrs","male : married/widowed","1 <= ... < 4 yrs",26,"rent","skilled employee/official","3 or more","yes (under customer name)"
3333,"1 <= ... < 4 yrs","male : divorced/separated","1 <= ... < 4 yrs",31,"rent","unskilled - resident","0 to 2","no"
3334,"1 <= ... < 4 yrs","male : divorced/separated",">= 7 yrs",47,"rent","skilled employee/official","0 to 2","no"
3335,"unemployed","male : married/widowed",">= 7 yrs",36,"own","manager/self-empl./highly qualif. employee","0 to 2","yes (under customer name)"
3337,">= 7 yrs","female : non-single or male : single",">= 7 yrs",74,"own","manager/self-empl./highly qualif. employee","3 or more","yes (under customer name)"
3338,"< 1 yr","female : non-single or male : single",">= 7 yrs",26,"rent","skilled employee/official","0 to 2","no"
3339,"4 <= ... < 7 yrs","male : married/widowed","4 <= ... < 7 yrs",32,"rent","skilled employee/official","0 to 2","no"
3340,"< 1 yr","male : married/widowed","1 <= ... < 4 yrs",25,"rent","skilled employee/official","0 to 2","no"
3342,"1 <= ... < 4 yrs","male : married/widowed",">= 7 yrs",37,"own","skilled employee/official","0 to 2","yes (under customer name)"
3343,"4 <= ... < 7 yrs","male : married/widowed","< 1 yr",25,"rent","skilled employee/official","0 to 2","yes (under customer name)"
3345,"1 <= ... < 4 yrs","male : married/widowed","4 <= ... < 7 yrs",31,"rent","skilled employee/official","3 or more","no"
3346,"4 <= ... < 7 yrs","female : non-single or male : single","4 <= ... < 7 yrs",39,"rent","unskilled - resident","0 to 2","no"
3348,"1 <= ... < 4 yrs","male : married/widowed","1 <= ... < 4 yrs",48,"rent","manager/self-empl./highly qualif. employee","0 to 2","yes (under customer name)"
3350,">= 7 yrs","female : non-single or male : single",">= 7 yrs",48,"for free","unskilled - resident","0 to 2","yes (under customer name)"
3351,"1 <= ... < 4 yrs","male : married/widowed","4 <= ... < 7 yrs",46,"rent","skilled employee/official","0 to 2","no"
3352,"1 <= ... < 4 yrs","female : non-single or male : single",">= 7 yrs",28,"for free","skilled employee/official","0 to 2","yes (under customer name)"
3353,"< 1 yr","female : non-single or male : single","1 <= ... < 4 yrs",23,"rent","unskilled - resident","0 to 2","no"
3354,"1 <= ... < 4 yrs","male : married/widowed","1 <= ... < 4 yrs",39,"rent","unskilled - resident","3 or more","no"
3357,">= 7 yrs","male : married/widowed",">= 7 yrs",65,"rent","skilled employee/official","0 to 2",NA
3359,"1 <= ... < 4 yrs","female : non-single or male : single","1 <= ... < 4 yrs",33,"rent","skilled employee/official","0 to 2","yes (under customer name)"
3360,"< 1 yr","female : non-single or male : single","< 1 yr",27,"rent","skilled employee/official","0 to 2","no"
3361,"1 <= ... < 4 yrs","female : non-single or male : single","1 <= ... < 4 yrs",35,"rent","skilled employee/official","0 to 2","no"
3362,">= 7 yrs","male : married/widowed",">= 7 yrs",31,"rent","skilled employee/official","0 to 2","no"
3364,"1 <= ... < 4 yrs","male : married/widowed","4 <= ... < 7 yrs",29,"rent","manager/self-empl./highly qualif. employee","0 to 2","yes (under customer name)"
3366,"1 <= ... < 4 yrs","female : single","1 <= ... < 4 yrs",21,"for free","skilled employee/official","0 to 2","no"
3367,"1 <= ... < 4 yrs","male : married/widowed",">= 7 yrs",28,"rent","skilled employee/official","0 to 2","no"
3368,"1 <= ... < 4 yrs","female : single","1 <= ... < 4 yrs",40,"for free","skilled employee/official","0 to 2","yes (under customer name)"
3371,"4 <= ... < 7 yrs","male : married/widowed","1 <= ... < 4 yrs",32,"rent","skilled employee/official","0 to 2","yes (under customer name)"
3374,"< 1 yr","female : non-single or male : single","< 1 yr",25,"for free","skilled employee/official","0 to 2","no"
3375,"1 <= ... < 4 yrs","male : married/widowed","< 1 yr",30,"rent","skilled employee/official","0 to 2","no"
3376,">= 7 yrs","male : married/widowed",">= 7 yrs",37,"rent","unskilled - resident","0 to 2","no"
3377,"4 <= ... < 7 yrs","male : married/widowed","< 1 yr",32,"rent","skilled employee/official","3 or more","no"
3380,"< 1 yr","female : non-single or male : single",">= 7 yrs",23,"for free","unskilled - resident","0 to 2","yes (under customer name)"
3381,">= 7 yrs","male : married/widowed",">= 7 yrs",34,"rent","unskilled - resident","3 or more","no"
3384,"< 1 yr","female : non-single or male : single","< 1 yr",22,"for free","skilled employee/official","0 to 2","no"
3387,"< 1 yr","male : married/widowed","< 1 yr",22,"rent","skilled employee/official","0 to 2","no"
3388,"1 <= ... < 4 yrs","female : non-single or male : single","< 1 yr",42,"rent","skilled employee/official","0 to 2","yes (under customer name)"
3389,"1 <= ... < 4 yrs","female : single","1 <= ... < 4 yrs",46,"rent","skilled employee/official","0 to 2","yes (under customer name)"
3390,"1 <= ... < 4 yrs","male : married/widowed",">= 7 yrs",36,"rent","skilled employee/official","0 to 2","no"
3392,"1 <= ... < 4 yrs","female : single","1 <= ... < 4 yrs",28,"rent","skilled employee/official","0 to 2","no"
3394,"unemployed","female : non-single or male : single","< 1 yr",53,"rent","manager/self-empl./highly qualif. employee","0 to 2","yes (under customer name)"
3395,"1 <= ... < 4 yrs","female : non-single or male : single","4 <= ... < 7 yrs",25,"for free","skilled employee/official","0 to 2",NA
3400,"1 <= ... < 4 yrs","male : married/widowed",">= 7 yrs",23,"own","skilled employee/official","0 to 2","yes (under customer name)"
3401,"1 <= ... < 4 yrs","female : non-single or male : single","1 <= ... < 4 yrs",31,"rent","skilled employee/official","0 to 2","yes (under customer name)"
3403,"4 <= ... < 7 yrs","male : married/widowed","4 <= ... < 7 yrs",45,"rent","manager/self-empl./highly qualif. employee","3 or more","yes (under customer name)"
3407,"1 <= ... < 4 yrs","female : non-single or male : single","1 <= ... < 4 yrs",26,"rent","skilled employee/official","0 to 2","no"
3408,"4 <= ... < 7 yrs","male : married/widowed","1 <= ... < 4 yrs",31,"for free","manager/self-empl./highly qualif. employee","3 or more","yes (under customer name)"
3411,"unemployed","female : non-single or male : single",">= 7 yrs",29,"for free","unemployed/unskilled - non-resident","0 to 2","no"
3412,"unemployed","female : non-single or male : single",">= 7 yrs",67,"rent","skilled employee/official","0 to 2","yes (under customer name)"
3413,"1 <= ... < 4 yrs","male : divorced/separated",">= 7 yrs",40,"rent","manager/self-empl./highly qualif. employee","0 to 2","yes (under customer name)"
3415,"unemployed","male : married/widowed","< 1 yr",52,"rent","manager/self-empl./highly qualif. employee","0 to 2","yes (under customer name)"
3416,">= 7 yrs","male : married/widowed",">= 7 yrs",41,"rent","unskilled - resident","3 or more","no"
3417,"< 1 yr","female : single","< 1 yr",43,"rent","unskilled - resident","3 or more","no"
3420,">= 7 yrs","female : non-single or male : single",">= 7 yrs",58,"own","unskilled - resident","0 to 2","no"
3423,"1 <= ... < 4 yrs","male : married/widowed",">= 7 yrs",22,"rent","skilled employee/official","0 to 2","yes (under customer name)"
3427,"unemployed","male : married/widowed","1 <= ... < 4 yrs",23,"rent","unemployed/unskilled - non-resident","0 to 2","yes (under customer name)"
3428,">= 7 yrs","female : non-single or male : single",">= 7 yrs",29,"for free","skilled employee/official","0 to 2","no"
3429,"1 <= ... < 4 yrs","female : single","1 <= ... < 4 yrs",25,"for free","skilled employee/official","0 to 2","no"
3430,">= 7 yrs","male : married/widowed",">= 7 yrs",41,"rent","unskilled - resident","3 or more","no"
3435,"< 1 yr","female : single","1 <= ... < 4 yrs",27,"rent","skilled employee/official","0 to 2","no"
3439,"1 <= ... < 4 yrs","male : married/widowed","1 <= ... < 4 yrs",40,"for free","unskilled - resident","3 or more","no"
3440,"1 <= ... < 4 yrs","male : married/widowed","1 <= ... < 4 yrs",28,"own","skilled employee/official","0 to 2","yes (under customer name)"
3441,"< 1 yr","female : non-single or male : single","4 <= ... < 7 yrs",23,"for free","unskilled - resident","3 or more","no"
3442,">= 7 yrs","male : married/widowed","4 <= ... < 7 yrs",47,"rent","skilled employee/official","0 to 2","yes (under customer name)"
3444,"1 <= ... < 4 yrs","male : married/widowed","1 <= ... < 4 yrs",32,"rent","skilled employee/official","3 or more","no"
3445,"< 1 yr","male : married/widowed","< 1 yr",33,"rent","unskilled - resident","3 or more","no"
3446,"unemployed","female : non-single or male : single",">= 7 yrs",26,"for free","manager/self-empl./highly qualif. employee","0 to 2","yes (under customer name)"
3447,">= 7 yrs","male : married/widowed","1 <= ... < 4 yrs",57,"own","manager/self-empl./highly qualif. employee","0 to 2","yes (under customer name)"
3450,"1 <= ... < 4 yrs","male : married/widowed","4 <= ... < 7 yrs",66,"rent","unskilled - resident","0 to 2","no"
3454,"4 <= ... < 7 yrs","female : non-single or male : single","4 <= ... < 7 yrs",37,"rent","skilled employee/official","0 to 2","no"
3455,">= 7 yrs","male : married/widowed",">= 7 yrs",38,"rent","skilled employee/official","0 to 2","no"
3456,"1 <= ... < 4 yrs","female : non-single or male : single","4 <= ... < 7 yrs",30,"rent","manager/self-empl./highly qualif. employee","0 to 2","yes (under customer name)"
3457,"1 <= ... < 4 yrs","female : non-single or male : single","< 1 yr",43,"rent","unskilled - resident","0 to 2","no"
3458,"1 <= ... < 4 yrs","male : married/widowed","4 <= ... < 7 yrs",27,"rent","skilled employee/official","0 to 2","yes (under customer name)"
3459,"1 <= ... < 4 yrs","female : non-single or male : single","1 <= ... < 4 yrs",25,"rent","manager/self-empl./highly qualif. employee","0 to 2","yes (under customer name)"
3460,"< 1 yr","female : non-single or male : single",">= 7 yrs",23,"rent","skilled employee/official","0 to 2","no"
3462,"< 1 yr","female : non-single or male : single","4 <= ... < 7 yrs",27,"for free","skilled employee/official","0 to 2","no"
3463,"1 <= ... < 4 yrs","female : single",">= 7 yrs",20,"rent","skilled employee/official","0 to 2","no"
3466,"1 <= ... < 4 yrs","male : married/widowed","1 <= ... < 4 yrs",35,"rent","skilled employee/official","0 to 2","no"
3467,"< 1 yr","male : married/widowed",">= 7 yrs",44,"rent","skilled employee/official","0 to 2","no"
3470,">= 7 yrs","male : married/widowed",">= 7 yrs",42,"rent","manager/self-empl./highly qualif. employee","0 to 2","yes (under customer name)"
3474,"1 <= ... < 4 yrs","female : non-single or male : single","1 <= ... < 4 yrs",25,"rent","unskilled - resident","0 to 2","no"
3477,">= 7 yrs","female : single","1 <= ... < 4 yrs",32,"rent","unskilled - resident","0 to 2","no"
3478,">= 7 yrs","male : married/widowed","4 <= ... < 7 yrs",39,"rent","skilled employee/official","3 or more",NA
3479,"1 <= ... < 4 yrs","female : non-single or male : single",">= 7 yrs",50,"rent","unskilled - resident","0 to 2","no"
3482,"1 <= ... < 4 yrs","female : non-single or male : single",">= 7 yrs",33,"rent","skilled employee/official","0 to 2","yes (under customer name)"
3483,"4 <= ... < 7 yrs","male : married/widowed","4 <= ... < 7 yrs",38,"rent","skilled employee/official","0 to 2","yes (under customer name)"
3484,"< 1 yr","female : non-single or male : single","4 <= ... < 7 yrs",23,"for free","skilled employee/official","0 to 2","no"
3485,"4 <= ... < 7 yrs","male : married/widowed",">= 7 yrs",51,"rent","skilled employee/official","0 to 2","no"
3487,"1 <= ... < 4 yrs","female : non-single or male : single","1 <= ... < 4 yrs",54,"for free","skilled employee/official","0 to 2","no"
3488,"1 <= ... < 4 yrs","male : married/widowed","1 <= ... < 4 yrs",31,"rent","unskilled - resident","0 to 2","yes (under customer name)"
3493,"4 <= ... < 7 yrs","male : married/widowed","4 <= ... < 7 yrs",49,"rent","skilled employee/official","0 to 2","yes (under customer name)"
3495,"1 <= ... < 4 yrs","male : married/widowed","1 <= ... < 4 yrs",35,"rent","unskilled - resident","0 to 2","yes (under customer name)"
3497,"4 <= ... < 7 yrs","female : non-single or male : single",">= 7 yrs",34,"own","unskilled - resident","0 to 2","no"
3498,"< 1 yr","female : single",">= 7 yrs",39,"rent","skilled employee/official","0 to 2","yes (under customer name)"
3499,">= 7 yrs","male : married/widowed",">= 7 yrs",58,"rent","skilled employee/official","0 to 2","yes (under customer name)"
3500,"< 1 yr","male : married/widowed","< 1 yr",23,"rent","skilled employee/official","0 to 2","no"
3501,"1 <= ... < 4 yrs","female : single","1 <= ... < 4 yrs",30,"rent","manager/self-empl./highly qualif. employee","0 to 2","yes (under customer name)"
3502,">= 7 yrs","female : non-single or male : single",">= 7 yrs",39,"rent","skilled employee/official","3 or more","no"
3503,"unemployed","male : married/widowed","1 <= ... < 4 yrs",30,"rent","manager/self-empl./highly qualif. employee","3 or more","no"
3505,"1 <= ... < 4 yrs","female : non-single or male : single",">= 7 yrs",24,"for free","skilled employee/official","0 to 2","no"
3507,">= 7 yrs","male : married/widowed",">= 7 yrs",46,"rent","skilled employee/official","0 to 2","no"
3510,"1 <= ... < 4 yrs","male : divorced/separated","1 <= ... < 4 yrs",24,"for free","unskilled - resident","0 to 2","no"
3511,"1 <= ... < 4 yrs","male : married/widowed","1 <= ... < 4 yrs",26,"rent","skilled employee/official","0 to 2","no"
3512,"4 <= ... < 7 yrs","male : married/widowed","4 <= ... < 7 yrs",35,"rent","unskilled - resident","0 to 2","yes (under customer name)"
3514,"< 1 yr","male : married/widowed","< 1 yr",26,"rent","skilled employee/official","0 to 2","no"
3516,"4 <= ... < 7 yrs","female : non-single or male : single",">= 7 yrs",40,"for free","skilled employee/official","0 to 2","no"
3517,"< 1 yr","female : non-single or male : single","4 <= ... < 7 yrs",27,"for free","skilled employee/official","0 to 2","no"
3518,"< 1 yr","female : non-single or male : single","1 <= ... < 4 yrs",29,"rent","unemployed/unskilled - non-resident","0 to 2","no"
3520,">= 7 yrs","male : married/widowed",">= 7 yrs",36,"own","skilled employee/official","0 to 2","no"
3521,"4 <= ... < 7 yrs","male : married/widowed","1 <= ... < 4 yrs",35,"rent","skilled employee/official","0 to 2","yes (under customer name)"
3522,">= 7 yrs","male : married/widowed","< 1 yr",45,"rent","skilled employee/official","0 to 2","no"
3523,"4 <= ... < 7 yrs","female : non-single or male : single",">= 7 yrs",32,"for free","skilled employee/official","0 to 2","no"
3524,"< 1 yr","female : single","1 <= ... < 4 yrs",26,"rent","skilled employee/official","0 to 2","yes (under customer name)"
3526,">= 7 yrs","male : married/widowed","< 1 yr",47,"rent","skilled employee/official","0 to 2","yes (under customer name)"
3527,"< 1 yr","female : single","< 1 yr",22,"rent","skilled employee/official","0 to 2","yes (under customer name)"
3528,"< 1 yr","female : non-single or male : single",">= 7 yrs",25,"rent","unskilled - resident","0 to 2","yes (under customer name)"
3529,">= 7 yrs","male : married/widowed",">= 7 yrs",52,"rent","skilled employee/official","0 to 2","no"
3530,"1 <= ... < 4 yrs","female : non-single or male : single","< 1 yr",30,"rent","skilled employee/official","0 to 2","no"
3532,"1 <= ... < 4 yrs","female : non-single or male : single","4 <= ... < 7 yrs",36,"rent","skilled employee/official","0 to 2","no"
3535,"4 <= ... < 7 yrs","male : married/widowed","< 1 yr",50,"own","manager/self-empl./highly qualif. employee","0 to 2","yes (under customer name)"
3536,"1 <= ... < 4 yrs","male : married/widowed","1 <= ... < 4 yrs",41,"rent","skilled employee/official","0 to 2","yes (under customer name)"
3538,">= 7 yrs","male : married/widowed",">= 7 yrs",38,"rent","skilled employee/official","0 to 2","no"
3539,"< 1 yr","male : married/widowed","4 <= ... < 7 yrs",27,"rent","unskilled - resident","0 to 2","no"
3541,"4 <= ... < 7 yrs","male : married/widowed",">= 7 yrs",46,"own","skilled employee/official","3 or more","no"
3542,"1 <= ... < 4 yrs","male : married/widowed",">= 7 yrs",27,"rent","unskilled - resident","0 to 2","no"
3543,"< 1 yr","male : married/widowed","< 1 yr",54,"rent","skilled employee/official","0 to 2","no"
3546,"1 <= ... < 4 yrs","male : married/widowed","1 <= ... < 4 yrs",44,"rent","skilled employee/official","3 or more","yes (under customer name)"
3547,"< 1 yr","female : non-single or male : single","< 1 yr",27,"rent","skilled employee/official","0 to 2",NA
3548,">= 7 yrs","female : single",">= 7 yrs",39,"rent","unskilled - resident","0 to 2","no"
3549,">= 7 yrs","female : non-single or male : single","1 <= ... < 4 yrs",54,"for free","manager/self-empl./highly qualif. employee","0 to 2","yes (under customer name)"
3551,"4 <= ... < 7 yrs","male : married/widowed",">= 7 yrs",39,"rent","skilled employee/official","0 to 2","yes (under customer name)"
3552,">= 7 yrs","male : married/widowed",">= 7 yrs",47,"rent","skilled employee/official","3 or more","yes (under customer name)"
3553,"< 1 yr","female : non-single or male : single",">= 7 yrs",35,"rent","manager/self-empl./highly qualif. employee","0 to 2","no"
3554,">= 7 yrs","male : married/widowed","1 <= ... < 4 yrs",26,"rent","skilled employee/official","0 to 2","no"
3555,"1 <= ... < 4 yrs","female : single","1 <= ... < 4 yrs",27,"rent","skilled employee/official","0 to 2","yes (under customer name)"
3558,"unemployed","male : married/widowed","< 1 yr",35,"rent","manager/self-empl./highly qualif. employee","0 to 2","yes (under customer name)"
3559,"< 1 yr","female : non-single or male : single","1 <= ... < 4 yrs",23,"rent","unskilled - resident","0 to 2","no"
3560,">= 7 yrs","male : divorced/separated",">= 7 yrs",28,"rent","skilled employee/official","3 or more","yes (under customer name)"
3561,"1 <= ... < 4 yrs","male : married/widowed","1 <= ... < 4 yrs",26,"rent","skilled employee/official","0 to 2","no"
3563,"4 <= ... < 7 yrs","male : married/widowed","4 <= ... < 7 yrs",26,"rent","skilled employee/official","3 or more","no"
3564,"4 <= ... < 7 yrs","female : non-single or male : single",">= 7 yrs",21,"rent","skilled employee/official","0 to 2","yes (under customer name)"
3565,"1 <= ... < 4 yrs","male : married/widowed","4 <= ... < 7 yrs",27,"rent","unskilled - resident","0 to 2","yes (under customer name)"
3567,"4 <= ... < 7 yrs","male : married/widowed","< 1 yr",27,"rent","skilled employee/official","0 to 2","no"
3569,">= 7 yrs","female : non-single or male : single",">= 7 yrs",57,"for free","skilled employee/official","0 to 2","yes (under customer name)"
3571,"unemployed","male : married/widowed","1 <= ... < 4 yrs",34,"rent","manager/self-empl./highly qualif. employee","0 to 2","yes (under customer name)"
3573,">= 7 yrs","male : married/widowed","1 <= ... < 4 yrs",48,"rent","unskilled - resident","0 to 2","no"
3574,">= 7 yrs","male : married/widowed","1 <= ... < 4 yrs",29,"rent","skilled employee/official","0 to 2","no"
3575,"4 <= ... < 7 yrs","male : married/widowed",">= 7 yrs",32,"own","unskilled - resident","3 or more","no"
3576,">= 7 yrs","female : non-single or male : single","< 1 yr",49,"rent","skilled employee/official","0 to 2","yes (under customer name)"
3581,"1 <= ... < 4 yrs","male : married/widowed","1 <= ... < 4 yrs",34,"rent","skilled employee/official","3 or more","yes (under customer name)"
3583,"unemployed","male : married/widowed","1 <= ... < 4 yrs",55,"own","manager/self-empl./highly qualif. employee","0 to 2","yes (under customer name)"
3587,"4 <= ... < 7 yrs","male : married/widowed","< 1 yr",35,"rent","skilled employee/official","0 to 2","no"
3589,">= 7 yrs","male : married/widowed",">= 7 yrs",50,"own","skilled employee/official","0 to 2","no"
3591,"1 <= ... < 4 yrs","male : married/widowed",">= 7 yrs",39,"rent","unskilled - resident","0 to 2","no"
3594,">= 7 yrs","male : married/widowed","1 <= ... < 4 yrs",42,"rent","skilled employee/official","0 to 2","no"
3596,"1 <= ... < 4 yrs","male : married/widowed","1 <= ... < 4 yrs",25,"rent","skilled employee/official","0 to 2","yes (under customer name)"
3598,"1 <= ... < 4 yrs","female : single",">= 7 yrs",22,"for free","unskilled - resident","0 to 2","no"
3602,"unemployed","male : married/widowed","1 <= ... < 4 yrs",27,"rent","manager/self-empl./highly qualif. employee","0 to 2","yes (under customer name)"
3605,"4 <= ... < 7 yrs","female : non-single or male : single","1 <= ... < 4 yrs",23,"for free","skilled employee/official","0 to 2","yes (under customer name)"
3607,"1 <= ... < 4 yrs","male : married/widowed","1 <= ... < 4 yrs",30,"rent","skilled employee/official","0 to 2","no"
3608,"4 <= ... < 7 yrs","female : non-single or male : single","< 1 yr",37,"rent","skilled employee/official","3 or more","no"
3611,"1 <= ... < 4 yrs","male : married/widowed","1 <= ... < 4 yrs",22,"rent","skilled employee/official","0 to 2","no"
3614,"1 <= ... < 4 yrs","male : married/widowed",">= 7 yrs",40,"rent","skilled employee/official","0 to 2","yes (under customer name)"
3615,">= 7 yrs","female : single","4 <= ... < 7 yrs",30,"rent","skilled employee/official","0 to 2","yes (under customer name)"
3616,">= 7 yrs","male : married/widowed",">= 7 yrs",60,"rent","skilled employee/official","0 to 2","yes (under customer name)"
3617,"4 <= ... < 7 yrs","female : non-single or male : single",">= 7 yrs",37,"for free","skilled employee/official","0 to 2","no"
3618,">= 7 yrs","male : married/widowed","1 <= ... < 4 yrs",34,"rent","skilled employee/official","0 to 2","no"
3620,">= 7 yrs","male : married/widowed","< 1 yr",41,"rent","skilled employee/official","0 to 2","yes (under customer name)"
3621,"4 <= ... < 7 yrs","male : married/widowed","1 <= ... < 4 yrs",30,"rent","unskilled - resident","0 to 2","no"
3622,"1 <= ... < 4 yrs","male : married/widowed","1 <= ... < 4 yrs",35,"rent","unskilled - resident","0 to 2","no"
3623,"4 <= ... < 7 yrs","male : divorced/separated","4 <= ... < 7 yrs",36,"rent","skilled employee/official","0 to 2","no"
3625,"4 <= ... < 7 yrs","male : married/widowed",">= 7 yrs",26,"for free","skilled employee/official","0 to 2","yes (under customer name)"
3627,"1 <= ... < 4 yrs","male : married/widowed","1 <= ... < 4 yrs",27,"rent","skilled employee/official","0 to 2","no"
3630,"1 <= ... < 4 yrs","female : non-single or male : single","1 <= ... < 4 yrs",29,"rent","manager/self-empl./highly qualif. employee","0 to 2","yes (under customer name)"
3631,">= 7 yrs","male : married/widowed","1 <= ... < 4 yrs",46,"for free","unskilled - resident","0 to 2","yes (under customer name)"
3633,"< 1 yr","male : divorced/separated","< 1 yr",55,"rent","skilled employee/official","0 to 2","yes (under customer name)"
3636,"< 1 yr","male : married/widowed","1 <= ... < 4 yrs",27,"own","manager/self-empl./highly qualif. employee","0 to 2","yes (under customer name)"
3637,">= 7 yrs","male : married/widowed","4 <= ... < 7 yrs",30,"rent","skilled employee/official","0 to 2","no"
3640,"1 <= ... < 4 yrs","female : non-single or male : single",">= 7 yrs",21,"for free","skilled employee/official","0 to 2","no"
3641,"4 <= ... < 7 yrs","male : married/widowed","1 <= ... < 4 yrs",27,"rent","skilled employee/official","0 to 2","yes (under customer name)"
3645,"4 <= ... < 7 yrs","male : married/widowed","1 <= ... < 4 yrs",30,"rent","skilled employee/official","0 to 2","no"
3647,">= 7 yrs","male : married/widowed",">= 7 yrs",42,"own","skilled employee/official","0 to 2","no"
3651,"< 1 yr","female : single","4 <= ... < 7 yrs",26,"rent","unskilled - resident","0 to 2","no"
3654,"1 <= ... < 4 yrs","male : married/widowed",">= 7 yrs",47,"own","skilled employee/official","0 to 2","no"
3655,"< 1 yr","female : non-single or male : single",">= 7 yrs",26,"for free","skilled employee/official","0 to 2","no"
3659,"4 <= ... < 7 yrs","male : divorced/separated",">= 7 yrs",61,"rent","unskilled - resident","0 to 2","no"
3660,"4 <= ... < 7 yrs","female : non-single or male : single",">= 7 yrs",23,"for free","skilled employee/official","0 to 2","no"
3662,"1 <= ... < 4 yrs","female : non-single or male : single",">= 7 yrs",23,"rent","skilled employee/official","0 to 2","no"
3663,"unemployed","female : non-single or male : single",">= 7 yrs",64,"rent","skilled employee/official","0 to 2","no"
3665,">= 7 yrs","male : married/widowed",">= 7 yrs",35,"rent","manager/self-empl./highly qualif. employee","0 to 2","yes (under customer name)"
3668,"1 <= ... < 4 yrs","male : married/widowed","< 1 yr",35,"for free","skilled employee/official","0 to 2","no"
3669,">= 7 yrs","female : non-single or male : single",">= 7 yrs",48,"own","unskilled - resident","3 or more","no"
3671,"1 <= ... < 4 yrs","female : non-single or male : single",">= 7 yrs",29,"rent","skilled employee/official","0 to 2","yes (under customer name)"
3673,"1 <= ... < 4 yrs","female : non-single or male : single","1 <= ... < 4 yrs",33,"rent","skilled employee/official","0 to 2","yes (under customer name)"
3674,">= 7 yrs","male : married/widowed",">= 7 yrs",42,"rent","skilled employee/official","3 or more","yes (under customer name)"
3675,"1 <= ... < 4 yrs","male : married/widowed","1 <= ... < 4 yrs",31,"rent","skilled employee/official","0 to 2","yes (under customer name)"
3676,"< 1 yr","female : single",">= 7 yrs",48,"rent","skilled employee/official","0 to 2","no"
3677,">= 7 yrs","female : non-single or male : single",">= 7 yrs",24,"for free","skilled employee/official","0 to 2","no"
3682,"< 1 yr","female : non-single or male : single","< 1 yr",24,"rent","skilled employee/official","0 to 2","no"
3683,">= 7 yrs","male : married/widowed",">= 7 yrs",30,"own","manager/self-empl./highly qualif. employee","0 to 2","yes (under customer name)"
3684,"1 <= ... < 4 yrs","male : divorced/separated","1 <= ... < 4 yrs",49,"rent","unskilled - resident","0 to 2","no"
3686,"4 <= ... < 7 yrs","male : married/widowed","1 <= ... < 4 yrs",35,"rent","manager/self-empl./highly qualif. employee","0 to 2","yes (under customer name)"
3687,"1 <= ... < 4 yrs","female : non-single or male : single","1 <= ... < 4 yrs",33,"rent","unskilled - resident","0 to 2","no"
3688,"4 <= ... < 7 yrs","female : non-single or male : single",">= 7 yrs",31,"rent","unskilled - resident","0 to 2","no"
3689,"unemployed","male : married/widowed","4 <= ... < 7 yrs",30,"rent","manager/self-empl./highly qualif. employee","0 to 2","yes (under customer name)"
3694,">= 7 yrs","female : non-single or male : single","4 <= ... < 7 yrs",34,"rent","manager/self-empl./highly qualif. employee","0 to 2","yes (under customer name)"
3696,"< 1 yr","male : married/widowed","< 1 yr",29,"for free","manager/self-empl./highly qualif. employee","0 to 2","yes (under customer name)"
3697,"4 <= ... < 7 yrs","female : single",">= 7 yrs",23,"for free","unskilled - resident","0 to 2","no"
3698,"1 <= ... < 4 yrs","female : non-single or male : single",">= 7 yrs",24,"for free","unskilled - resident","0 to 2","no"
3699,"1 <= ... < 4 yrs","male : married/widowed","1 <= ... < 4 yrs",26,"rent","skilled employee/official","3 or more","no"
3701,"1 <= ... < 4 yrs","male : married/widowed","1 <= ... < 4 yrs",31,"rent","skilled employee/official","0 to 2",NA
3704,"< 1 yr","female : non-single or male : single",">= 7 yrs",23,"rent","skilled employee/official","0 to 2","yes (under customer name)"
3705,"unemployed","female : non-single or male : single",">= 7 yrs",57,"rent","unskilled - resident","0 to 2","no"
3707,">= 7 yrs","male : married/widowed","4 <= ... < 7 yrs",40,"rent","manager/self-empl./highly qualif. employee","0 to 2","yes (under customer name)"
3712,"4 <= ... < 7 yrs","female : non-single or male : single",">= 7 yrs",33,"for free","unskilled - resident","0 to 2",NA
3715,"1 <= ... < 4 yrs","female : non-single or male : single","4 <= ... < 7 yrs",64,"rent","skilled employee/official","0 to 2","no"
3716,">= 7 yrs","male : married/widowed",">= 7 yrs",36,"rent","skilled employee/official","3 or more","yes (under customer name)"
3717,"1 <= ... < 4 yrs","male : married/widowed","4 <= ... < 7 yrs",42,"rent","skilled employee/official","0 to 2","no"
3718,"4 <= ... < 7 yrs","male : married/widowed","1 <= ... < 4 yrs",28,"rent","skilled employee/official","0 to 2","yes (under customer name)"
3719,"1 <= ... < 4 yrs","male : married/widowed","1 <= ... < 4 yrs",20,"for free","manager/self-empl./highly qualif. employee","3 or more","yes (under customer name)"
3721,"4 <= ... < 7 yrs","male : married/widowed","4 <= ... < 7 yrs",36,"rent","skilled employee/official","0 to 2","no"
3722,"unemployed","male : married/widowed",">= 7 yrs",27,"rent","skilled employee/official","0 to 2","no"
3723,"1 <= ... < 4 yrs","female : non-single or male : single",">= 7 yrs",50,"own","skilled employee/official","0 to 2","no"
3726,"1 <= ... < 4 yrs","female : non-single or male : single",">= 7 yrs",24,"rent","skilled employee/official","0 to 2","no"
3728,"1 <= ... < 4 yrs","male : married/widowed",">= 7 yrs",37,"own","skilled employee/official","0 to 2","yes (under customer name)"
3729,"4 <= ... < 7 yrs","male : married/widowed","4 <= ... < 7 yrs",26,"rent","skilled employee/official","0 to 2",NA
3732,"1 <= ... < 4 yrs","male : married/widowed","1 <= ... < 4 yrs",33,"rent","skilled employee/official","0 to 2","no"
3734,"1 <= ... < 4 yrs","female : single","1 <= ... < 4 yrs",40,"rent","unskilled - resident","0 to 2","no"
3735,"1 <= ... < 4 yrs","female : non-single or male : single",">= 7 yrs",28,"rent","skilled employee/official","0 to 2","no"
3736,"1 <= ... < 4 yrs","female : non-single or male : single","< 1 yr",26,"rent","skilled employee/official","0 to 2","yes (under customer name)"
3738,"4 <= ... < 7 yrs","female : single","< 1 yr",34,"rent","skilled employee/official","0 to 2","yes (under customer name)"
3741,">= 7 yrs","male : married/widowed",">= 7 yrs",61,"own","manager/self-empl./highly qualif. employee","0 to 2","yes (under customer name)"
3746,"1 <= ... < 4 yrs","female : single","1 <= ... < 4 yrs",23,"rent","skilled employee/official","0 to 2","no"
3747,"1 <= ... < 4 yrs","male : married/widowed","< 1 yr",34,"rent","unskilled - resident","3 or more","no"
3748,"1 <= ... < 4 yrs","female : non-single or male : single",">= 7 yrs",23,"for free","manager/self-empl./highly qualif. employee","0 to 2","no"
3749,"1 <= ... < 4 yrs","female : non-single or male : single","1 <= ... < 4 yrs",28,"rent","skilled employee/official","0 to 2","no"
3752,">= 7 yrs","male : married/widowed",">= 7 yrs",46,"rent","skilled employee/official","3 or more",NA
3753,"1 <= ... < 4 yrs","male : married/widowed","1 <= ... < 4 yrs",26,"rent","manager/self-empl./highly qualif. employee","0 to 2","yes (under customer name)"
3754,"1 <= ... < 4 yrs","female : non-single or male : single","1 <= ... < 4 yrs",25,"rent","skilled employee/official","0 to 2","yes (under customer name)"
3755,">= 7 yrs","male : married/widowed","4 <= ... < 7 yrs",38,"rent","skilled employee/official","3 or more","yes (under customer name)"
3756,"1 <= ... < 4 yrs","male : married/widowed","1 <= ... < 4 yrs",32,"rent","skilled employee/official","3 or more","no"
3762,">= 7 yrs","male : married/widowed",">= 7 yrs",20,"rent","skilled employee/official","0 to 2",NA
3763,"1 <= ... < 4 yrs","female : non-single or male : single","1 <= ... < 4 yrs",35,"rent","skilled employee/official","0 to 2","no"
3764,"1 <= ... < 4 yrs","female : single","1 <= ... < 4 yrs",47,"rent","unskilled - resident","0 to 2","no"
3765,">= 7 yrs","male : married/widowed",">= 7 yrs",47,"rent","skilled employee/official","3 or more","yes (under customer name)"
3766,"1 <= ... < 4 yrs","male : divorced/separated","4 <= ... < 7 yrs",25,"rent","skilled employee/official","0 to 2","no"
3767,">= 7 yrs","male : married/widowed","4 <= ... < 7 yrs",37,"rent","manager/self-empl./highly qualif. employee","0 to 2","no"
3768,"1 <= ... < 4 yrs","male : divorced/separated","1 <= ... < 4 yrs",33,"rent","skilled employee/official","0 to 2","yes (under customer name)"
3770,">= 7 yrs","male : married/widowed",">= 7 yrs",44,"rent","skilled employee/official","3 or more","yes (under customer name)"
3771,">= 7 yrs","male : married/widowed",">= 7 yrs",53,"rent","skilled employee/official","0 to 2","no"
3774,"1 <= ... < 4 yrs","male : married/widowed",">= 7 yrs",48,"rent","skilled employee/official","0 to 2","no"
3775,"< 1 yr","female : single","4 <= ... < 7 yrs",25,"for free","skilled employee/official","0 to 2","no"
3776,"4 <= ... < 7 yrs","male : divorced/separated","4 <= ... < 7 yrs",43,"rent","skilled employee/official","0 to 2","yes (under customer name)"
3777,"< 1 yr","male : married/widowed",">= 7 yrs",40,"for free","skilled employee/official","3 or more","yes (under customer name)"
3778,"1 <= ... < 4 yrs","female : single","< 1 yr",25,"rent","skilled employee/official","0 to 2","yes (under customer name)"
3779,"1 <= ... < 4 yrs","female : non-single or male : single","1 <= ... < 4 yrs",22,"rent","skilled employee/official","0 to 2","no"
3783,">= 7 yrs","male : married/widowed","1 <= ... < 4 yrs",28,"rent","skilled employee/official","0 to 2",NA
3785,"1 <= ... < 4 yrs","male : married/widowed","4 <= ... < 7 yrs",44,"rent","skilled employee/official","0 to 2","no"
3786,">= 7 yrs","female : non-single or male : single",">= 7 yrs",35,"own","skilled employee/official","0 to 2","no"
3788,"1 <= ... < 4 yrs","male : married/widowed",">= 7 yrs",44,"rent","unskilled - resident","3 or more","yes (under customer name)"
3789,"1 <= ... < 4 yrs","male : married/widowed","1 <= ... < 4 yrs",37,"rent","skilled employee/official","0 to 2","yes (under customer name)"
3790,"< 1 yr","male : married/widowed","1 <= ... < 4 yrs",33,"rent","skilled employee/official","0 to 2","no"
3792,"1 <= ... < 4 yrs","female : non-single or male : single","1 <= ... < 4 yrs",30,"rent","skilled employee/official","0 to 2","no"
3793,"1 <= ... < 4 yrs","male : married/widowed","4 <= ... < 7 yrs",26,"for free","skilled employee/official","0 to 2",NA
3795,"1 <= ... < 4 yrs","male : divorced/separated",">= 7 yrs",31,"for free","skilled employee/official","0 to 2","no"
3796,">= 7 yrs","male : married/widowed",">= 7 yrs",46,"rent","manager/self-empl./highly qualif. employee","0 to 2","yes (under customer name)"
3801,">= 7 yrs","male : married/widowed",">= 7 yrs",34,"rent","manager/self-empl./highly qualif. employee","0 to 2","yes (under customer name)"
3803,"< 1 yr","male : married/widowed",">= 7 yrs",23,"rent","skilled employee/official","0 to 2","no"
3809,"4 <= ... < 7 yrs","male : married/widowed",">= 7 yrs",27,"rent","skilled employee/official","0 to 2","no"
3810,">= 7 yrs","male : married/widowed","4 <= ... < 7 yrs",41,"rent","skilled employee/official","0 to 2","yes (under customer name)"
3812,">= 7 yrs","female : non-single or male : single","4 <= ... < 7 yrs",59,"for free","skilled employee/official","0 to 2",NA
3813,"unemployed","male : married/widowed",">= 7 yrs",22,"own","skilled employee/official","0 to 2","no"
3814,"1 <= ... < 4 yrs","male : married/widowed",">= 7 yrs",50,"for free","skilled employee/official","0 to 2","no"
3816,"4 <= ... < 7 yrs","female : non-single or male : single","1 <= ... < 4 yrs",61,"rent","skilled employee/official","0 to 2","no"
3817,"1 <= ... < 4 yrs","male : married/widowed",">= 7 yrs",48,"rent","skilled employee/official","0 to 2","yes (under customer name)"
3821,"< 1 yr","male : married/widowed",">= 7 yrs",36,"own","manager/self-empl./highly qualif. employee","0 to 2","yes (under customer name)"
3822,">= 7 yrs","male : married/widowed","1 <= ... < 4 yrs",38,"rent","manager/self-empl./highly qualif. employee","0 to 2","yes (under customer name)"
3823,"1 <= ... < 4 yrs","male : married/widowed",">= 7 yrs",36,"rent","skilled employee/official","0 to 2","yes (under customer name)"
3824,">= 7 yrs","female : single",">= 7 yrs",41,"for free","unskilled - resident","0 to 2","no"
3825,"1 <= ... < 4 yrs","male : married/widowed",">= 7 yrs",35,"own","skilled employee/official","0 to 2","yes (under customer name)"
3826,">= 7 yrs","female : non-single or male : single",">= 7 yrs",33,"for free","skilled employee/official","0 to 2","yes (under customer name)"
3829,"4 <= ... < 7 yrs","male : married/widowed",">= 7 yrs",36,"for free","manager/self-empl./highly qualif. employee","0 to 2","yes (under customer name)"
3830,"1 <= ... < 4 yrs","female : non-single or male : single","1 <= ... < 4 yrs",24,"rent","skilled employee/official","0 to 2","no"
3831,"< 1 yr","female : single","4 <= ... < 7 yrs",36,"rent","skilled employee/official","0 to 2","yes (under customer name)"
3832,"1 <= ... < 4 yrs","male : married/widowed","4 <= ... < 7 yrs",29,"rent","skilled employee/official","0 to 2","yes (under customer name)"
3833,"4 <= ... < 7 yrs","female : non-single or male : single","4 <= ... < 7 yrs",51,"rent","skilled employee/official","0 to 2","yes (under customer name)"
3834,"1 <= ... < 4 yrs","female : single","4 <= ... < 7 yrs",33,"rent","skilled employee/official","0 to 2","no"
3835,"unemployed","female : non-single or male : single","1 <= ... < 4 yrs",33,"rent","skilled employee/official","0 to 2","no"
3836,"< 1 yr","female : non-single or male : single",">= 7 yrs",21,"for free","skilled employee/official","0 to 2","no"
3837,">= 7 yrs","male : married/widowed",">= 7 yrs",39,"rent","manager/self-empl./highly qualif. employee","3 or more","yes (under customer name)"
3840,">= 7 yrs","male : married/widowed",">= 7 yrs",36,"rent","skilled employee/official","3 or more","yes (under customer name)"
3842,"< 1 yr","male : married/widowed","4 <= ... < 7 yrs",25,"rent","skilled employee/official","0 to 2","no"
3843,">= 7 yrs","male : married/widowed","1 <= ... < 4 yrs",35,"rent","skilled employee/official","0 to 2","no"
3847,">= 7 yrs","female : non-single or male : single","1 <= ... < 4 yrs",47,"own","skilled employee/official","0 to 2","yes (under customer name)"
3848,"< 1 yr","female : non-single or male : single",">= 7 yrs",22,"for free","skilled employee/official","0 to 2","no"
3851,"1 <= ... < 4 yrs","male : married/widowed","1 <= ... < 4 yrs",31,"rent","skilled employee/official","0 to 2","yes (under customer name)"
3853,"1 <= ... < 4 yrs","female : single","< 1 yr",24,"rent","skilled employee/official","0 to 2","no"
3854,"< 1 yr","female : single","1 <= ... < 4 yrs",27,"rent","unemployed/unskilled - non-resident","0 to 2","no"
3856,"4 <= ... < 7 yrs","male : married/widowed","4 <= ... < 7 yrs",29,"rent","skilled employee/official","0 to 2","no"
3858,"< 1 yr","female : non-single or male : single","4 <= ... < 7 yrs",38,"rent","skilled employee/official","0 to 2","yes (under customer name)"
3860,"< 1 yr","female : non-single or male : single","< 1 yr",45,"rent","unskilled - resident","0 to 2","no"
3861,"4 <= ... < 7 yrs","male : married/widowed","1 <= ... < 4 yrs",37,"rent","unskilled - resident","3 or more","no"
3862,">= 7 yrs","male : married/widowed",">= 7 yrs",63,"own","skilled employee/official","0 to 2","yes (under customer name)"
3863,"1 <= ... < 4 yrs","male : divorced/separated",">= 7 yrs",44,"for free","manager/self-empl./highly qualif. employee","0 to 2","yes (under customer name)"
3865,"4 <= ... < 7 yrs","male : married/widowed","< 1 yr",24,"rent","skilled employee/official","0 to 2","yes (under customer name)"
3866,"unemployed","male : married/widowed","1 <= ... < 4 yrs",42,"rent","manager/self-empl./highly qualif. employee","0 to 2","yes (under customer name)"
3868,">= 7 yrs","male : married/widowed",">= 7 yrs",33,"rent","skilled employee/official","0 to 2","yes (under customer name)"
3870,"< 1 yr","female : non-single or male : single","< 1 yr",44,"rent","skilled employee/official","0 to 2","yes (under customer name)"
3871,"1 <= ... < 4 yrs","female : non-single or male : single",">= 7 yrs",42,"for free","skilled employee/official","0 to 2","yes (under customer name)"
3872,">= 7 yrs","male : married/widowed",">= 7 yrs",43,"rent","skilled employee/official","3 or more","no"
3873,"4 <= ... < 7 yrs","female : non-single or male : single","< 1 yr",27,"rent","skilled employee/official","0 to 2","no"
3875,">= 7 yrs","female : non-single or male : single","4 <= ... < 7 yrs",33,"rent","unskilled - resident","3 or more","no"
3876,"1 <= ... < 4 yrs","male : married/widowed","1 <= ... < 4 yrs",29,"rent","unskilled - resident","3 or more","no"
3881,"< 1 yr","female : non-single or male : single","1 <= ... < 4 yrs",29,"for free","unskilled - resident","0 to 2","yes (under customer name)"
3882,">= 7 yrs","male : married/widowed",">= 7 yrs",66,"own","manager/self-empl./highly qualif. employee","0 to 2","no"
3887,"unemployed","female : single","4 <= ... < 7 yrs",40,"rent","unemployed/unskilled - non-resident","3 or more","yes (under customer name)"
3889,"< 1 yr","female : non-single or male : single","4 <= ... < 7 yrs",23,"for free","skilled employee/official","0 to 2","yes (under customer name)"
3892,">= 7 yrs","male : married/widowed",">= 7 yrs",63,"rent","skilled employee/official","0 to 2","no"
3893,"< 1 yr","male : married/widowed","1 <= ... < 4 yrs",41,"rent","unskilled - resident","3 or more","no"
3894,"1 <= ... < 4 yrs","female : non-single or male : single","1 <= ... < 4 yrs",24,"rent","skilled employee/official","0 to 2","no"
3895,"4 <= ... < 7 yrs","female : single","4 <= ... < 7 yrs",26,"rent","skilled employee/official","0 to 2","yes (under customer name)"
3896,"4 <= ... < 7 yrs","male : married/widowed","1 <= ... < 4 yrs",22,"rent","skilled employee/official","0 to 2","no"
3897,">= 7 yrs","male : divorced/separated","1 <= ... < 4 yrs",61,"for free","unskilled - resident","0 to 2","no"
3899,"< 1 yr","male : married/widowed","1 <= ... < 4 yrs",24,"rent","unskilled - resident","0 to 2",NA
3900,"1 <= ... < 4 yrs","female : non-single or male : single",">= 7 yrs",24,"for free","unskilled - resident","0 to 2","no"
3901,"4 <= ... < 7 yrs","male : married/widowed","< 1 yr",34,"own","manager/self-empl./highly qualif. employee","0 to 2","yes (under customer name)"
3903,"< 1 yr","male : married/widowed",">= 7 yrs",27,"for free","skilled employee/official","0 to 2","yes (under customer name)"
3904,">= 7 yrs","female : single","4 <= ... < 7 yrs",40,"rent","unskilled - resident","0 to 2","no"
3906,"4 <= ... < 7 yrs","male : married/widowed","4 <= ... < 7 yrs",38,"rent","manager/self-empl./highly qualif. employee","0 to 2","yes (under customer name)"
3908,"unemployed","female : non-single or male : single",">= 7 yrs",23,"for free","skilled employee/official","0 to 2","no"
3910,">= 7 yrs","female : non-single or male : single",">= 7 yrs",42,"rent","skilled employee/official","0 to 2","yes (under customer name)"
3911,"1 <= ... < 4 yrs","female : non-single or male : single","< 1 yr",26,"rent","skilled employee/official","0 to 2","no"
3914,">= 7 yrs","male : married/widowed","4 <= ... < 7 yrs",35,"rent","skilled employee/official","0 to 2","no"
3915,"1 <= ... < 4 yrs","male : married/widowed",">= 7 yrs",54,"rent","skilled employee/official","0 to 2","no"
3916,"1 <= ... < 4 yrs","female : non-single or male : single",">= 7 yrs",26,"rent","unskilled - resident","3 or more","no"
3919,"4 <= ... < 7 yrs","female : non-single or male : single","1 <= ... < 4 yrs",35,"rent","skilled employee/official","0 to 2","no"
3921,"1 <= ... < 4 yrs","male : married/widowed",">= 7 yrs",40,"for free","unskilled - resident","3 or more",NA
3923,"4 <= ... < 7 yrs","male : married/widowed","< 1 yr",42,"rent","unskilled - resident","3 or more","no"
3924,">= 7 yrs","female : non-single or male : single",">= 7 yrs",58,"rent","unskilled - resident","0 to 2","yes (under customer name)"
3925,">= 7 yrs","male : married/widowed",">= 7 yrs",46,"rent","skilled employee/official","0 to 2","yes (under customer name)"
3927,">= 7 yrs","female : non-single or male : single",">= 7 yrs",60,"own","manager/self-empl./highly qualif. employee","0 to 2","yes (under customer name)"
3931,"< 1 yr","male : married/widowed","4 <= ... < 7 yrs",36,"rent","skilled employee/official","0 to 2","no"
3932,"4 <= ... < 7 yrs","female : non-single or male : single",">= 7 yrs",26,"for free","unskilled - resident","0 to 2","no"
3933,"1 <= ... < 4 yrs","male : married/widowed",">= 7 yrs",21,"for free","unskilled - resident","3 or more","no"
3934,">= 7 yrs","male : married/widowed","4 <= ... < 7 yrs",30,"own","skilled employee/official","0 to 2","no"
3935,"unemployed","male : married/widowed",">= 7 yrs",75,"own","manager/self-empl./highly qualif. employee","0 to 2","yes (under customer name)"
3937,">= 7 yrs","female : non-single or male : single","1 <= ... < 4 yrs",38,"rent","skilled employee/official","0 to 2","yes (under customer name)"
3938,"< 1 yr","male : married/widowed","< 1 yr",37,"rent","unskilled - resident","3 or more","no"
3939,">= 7 yrs","male : married/widowed",">= 7 yrs",35,"rent","skilled employee/official","0 to 2","yes (under customer name)"
3940,"4 <= ... < 7 yrs","male : married/widowed",">= 7 yrs",37,"rent","skilled employee/official","0 to 2","yes (under customer name)"
3943,"1 <= ... < 4 yrs","female : non-single or male : single","1 <= ... < 4 yrs",27,"rent","skilled employee/official","0 to 2","no"
3944,">= 7 yrs","male : married/widowed",">= 7 yrs",43,"for free","skilled employee/official","0 to 2","yes (under customer name)"
3945,"1 <= ... < 4 yrs","female : single","1 <= ... < 4 yrs",28,"rent","skilled employee/official","0 to 2","yes (under customer name)"
3946,"4 <= ... < 7 yrs","male : married/widowed","4 <= ... < 7 yrs",37,"rent","skilled employee/official","0 to 2","yes (under customer name)"
3947,"1 <= ... < 4 yrs","male : married/widowed","1 <= ... < 4 yrs",34,"rent","skilled employee/official","0 to 2","no"
3948,">= 7 yrs","male : married/widowed","1 <= ... < 4 yrs",30,"rent","manager/self-empl./highly qualif. employee","0 to 2","yes (under customer name)"
3950,"4 <= ... < 7 yrs","female : single",">= 7 yrs",23,"for free","unskilled - resident","0 to 2","no"
3952,">= 7 yrs","male : married/widowed",">= 7 yrs",52,"rent","unskilled - resident","0 to 2","no"
3953,"1 <= ... < 4 yrs","male : married/widowed",">= 7 yrs",21,"for free","skilled employee/official","0 to 2","no"
3954,"1 <= ... < 4 yrs","male : married/widowed","< 1 yr",21,"rent","unskilled - resident","0 to 2","no"
3956,"1 <= ... < 4 yrs","male : married/widowed",">= 7 yrs",43,"rent","unskilled - resident","3 or more","no"
3957,">= 7 yrs","male : married/widowed","4 <= ... < 7 yrs",54,"rent","skilled employee/official","0 to 2",NA
3959,"1 <= ... < 4 yrs","female : non-single or male : single",">= 7 yrs",25,"rent","skilled employee/official","0 to 2",NA
3963,"< 1 yr","female : non-single or male : single",">= 7 yrs",34,"rent","skilled employee/official","0 to 2","yes (under customer name)"
3964,">= 7 yrs","female : non-single or male : single",">= 7 yrs",52,"own","manager/self-empl./highly qualif. employee","0 to 2","yes (under customer name)"
3965,"4 <= ... < 7 yrs","male : married/widowed","1 <= ... < 4 yrs",31,"rent","skilled employee/official","0 to 2","yes (under customer name)"
3966,">= 7 yrs","male : married/widowed",">= 7 yrs",43,"rent","manager/self-empl./highly qualif. employee","3 or more","yes (under customer name)"
3968,"< 1 yr","female : non-single or male : single","< 1 yr",35,"rent","unskilled - resident","0 to 2","yes (under customer name)"
3969,">= 7 yrs","female : non-single or male : single",">= 7 yrs",41,"for free","unskilled - resident","0 to 2","no"
3971,"< 1 yr","female : non-single or male : single","1 <= ... < 4 yrs",24,"for free","skilled employee/official","3 or more","no"
3973,"1 <= ... < 4 yrs","female : non-single or male : single","1 <= ... < 4 yrs",41,"rent","unskilled - resident","0 to 2","no"
3974,"< 1 yr","female : non-single or male : single","< 1 yr",34,"for free","manager/self-empl./highly qualif. employee","0 to 2","no"
3975,"4 <= ... < 7 yrs","female : non-single or male : single","4 <= ... < 7 yrs",20,"for free","skilled employee/official","0 to 2","no"
3978,"unemployed","female : non-single or male : single",">= 7 yrs",65,"rent","unemployed/unskilled - non-resident","0 to 2","no"
3979,"unemployed","male : married/widowed","1 <= ... < 4 yrs",43,"own","skilled employee/official","3 or more","no"
3980,"< 1 yr","female : non-single or male : single","1 <= ... < 4 yrs",29,"rent","skilled employee/official","0 to 2","no"
3983,"1 <= ... < 4 yrs","male : married/widowed",">= 7 yrs",23,"rent","unskilled - resident","0 to 2","no"
3984,">= 7 yrs","male : married/widowed","< 1 yr",38,"rent","unskilled - resident","3 or more","no"
3988,"unemployed","female : non-single or male : single","1 <= ... < 4 yrs",38,"rent","unemployed/unskilled - non-resident","0 to 2","no"
3992,"4 <= ... < 7 yrs","female : non-single or male : single","1 <= ... < 4 yrs",27,"rent","skilled employee/official","0 to 2","no"
3993,">= 7 yrs","female : single","< 1 yr",45,"rent","unskilled - resident","0 to 2","no"
3994,"1 <= ... < 4 yrs","male : married/widowed","1 <= ... < 4 yrs",31,"rent","unskilled - resident","3 or more","no"
3995,"1 <= ... < 4 yrs","female : non-single or male : single",">= 7 yrs",22,"for free","skilled employee/official","0 to 2","no"
3996,"1 <= ... < 4 yrs","male : married/widowed","4 <= ... < 7 yrs",39,"rent","manager/self-empl./highly qualif. employee","3 or more","yes (under customer name)"
3997,"1 <= ... < 4 yrs","male : married/widowed",">= 7 yrs",53,"own","skilled employee/official","3 or more","no"
3999,"4 <= ... < 7 yrs","female : non-single or male : single",">= 7 yrs",24,"for free","unskilled - resident","0 to 2","no"
4000,"1 <= ... < 4 yrs","male : married/widowed","1 <= ... < 4 yrs",31,"for free","skilled employee/official","0 to 2","yes (under customer name)"
